experiment_type,srr_id,title
Unknown,SRR30811269,Failed to retrieve
Unknown,SRR30847169,Failed to retrieve
Unknown,SRR30874469,Failed to retrieve
Unknown,SRR30826569,Failed to retrieve
Error,SRR30829169,Error: HTTP Error 429: Too Many x
Unknown,SRR30847069,Failed to retrieve
Unknown,SRR30870469,Failed to retrieve
Unknown,SRR30803669,Failed to retrieve
Error,SRR30892669,Error: HTTP Error 429: Too Many Requests
Unknown,SRR30876869,Failed to retrieve
Unknown,SRR30859769,Failed to retrieve
Unknown,SRR30809369,Failed to retrieve
Unknown,SRR30809069,Failed to retrieve
Unknown,SRR30838669,Failed to retrieve
Unknown,SRR30899769,Failed to retrieve
Unknown,SRR30817969,Failed to retrieve
Unknown,SRR30854069,Failed to retrieve
Unknown,SRR30871669,Failed to retrieve
Error,SRR30877569,Error: HTTP Error 429: Too Many Requests
Error,SRR30807669,Error: HTTP Error 429: Too Many Requests
Unknown,SRR30885169,Failed to retrieve
Unknown,SRR30873269,Failed to retrieve
Unknown,SRR30884069,Failed to retrieve
Unknown,SRR30876369,Failed to retrieve
Unknown,SRR30885069,Failed to retrieve
Unknown,SRR30806469,Failed to retrieve
Unknown,SRR30852369,Failed to retrieve
Unknown,SRR30838769,Failed to retrieve
Unknown,SRR30876569,Failed to retrieve
Unknown,SRR30875569,Failed to retrieve
Unknown,SRR30843169,Failed to retrieve
Unknown,SRR30808769,Failed to retrieve
Unknown,SRR30886269,Failed to retrieve
Unknown,SRR30889369,Failed to retrieve
Unknown,SRR30862469,Failed to retrieve
Unknown,SRR30890769,Failed to retrieve
Unknown,SRR30889469,Failed to retrieve
Unknown,SRR30826869,Failed to retrieve
Unknown,SRR30881369,Failed to retrieve
Unknown,SRR30839069,Failed to retrieve
Unknown,SRR30849369,Failed to retrieve
Unknown,SRR30861069,Failed to retrieve
Unknown,SRR30830169,Failed to retrieve
Unknown,SRR30844469,Failed to retrieve
Unknown,SRR30821469,Failed to retrieve
Unknown,SRR30853969,Failed to retrieve
Unknown,SRR30817869,Failed to retrieve
Unknown,SRR30811069,Failed to retrieve
Error,SRR30851169,Error: Remote end closed connection without response
Unknown,SRR30856669,Failed to retrieve
